"module name","license","repository"
"@aashutoshrathi/word-wrap@1.2.6","MIT","https://github.com/aashutoshrathi/word-wrap"
"@alloc/quick-lru@5.2.0","MIT","https://github.com/sindresorhus/quick-lru"
"@ampproject/remapping@2.3.0","Apache-2.0","https://github.com/ampproject/remapping"
"@babel/runtime@7.24.1","MIT","https://github.com/babel/babel"
"@braintree/sanitize-url@6.0.4","MIT","https://github.com/braintree/sanitize-url"
"@bufbuild/protobuf@2.2.2","(Apache-2.0 AND BSD-3-Clause)","https://github.com/bufbuild/protobuf-es"
"@codemirror/autocomplete@6.16.2","MIT","https://github.com/codemirror/autocomplete"
"@codemirror/commands@6.6.0","MIT","https://github.com/codemirror/commands"
"@codemirror/lang-angular@0.1.3","MIT","https://github.com/codemirror/lang-angular"
"@codemirror/lang-cpp@6.0.2","MIT","https://github.com/codemirror/lang-cpp"
"@codemirror/lang-css@6.3.0","MIT","https://github.com/codemirror/lang-css"
"@codemirror/lang-go@6.0.1","MIT","https://github.com/codemirror/lang-go"
"@codemirror/lang-html@6.4.9","MIT","https://github.com/codemirror/lang-html"
"@codemirror/lang-java@6.0.1","MIT","https://github.com/codemirror/lang-java"
"@codemirror/lang-javascript@6.2.2","MIT","https://github.com/codemirror/lang-javascript"
"@codemirror/lang-json@6.0.1","MIT","https://github.com/codemirror/lang-json"
"@codemirror/lang-less@6.0.2","MIT","https://github.com/codemirror/lang-less"
"@codemirror/lang-liquid@6.2.1","MIT","https://github.com/codemirror/lang-liquid"
"@codemirror/lang-markdown@6.3.0","MIT","https://github.com/codemirror/lang-markdown"
"@codemirror/lang-php@6.0.1","MIT","https://github.com/codemirror/lang-php"
"@codemirror/lang-python@6.1.6","MIT","https://github.com/codemirror/lang-python"
"@codemirror/lang-rust@6.0.1","MIT","https://github.com/codemirror/lang-rust"
"@codemirror/lang-sass@6.0.2","MIT","https://github.com/codemirror/lang-sass"
"@codemirror/lang-sql@6.8.0","MIT","https://github.com/codemirror/lang-sql"
"@codemirror/lang-vue@0.1.3","MIT","https://github.com/codemirror/lang-vue"
"@codemirror/lang-wast@6.0.2","MIT","https://github.com/codemirror/lang-wast"
"@codemirror/lang-xml@6.1.0","MIT","https://github.com/codemirror/lang-xml"
"@codemirror/lang-yaml@6.1.1","MIT","https://github.com/codemirror/lang-yaml"
"@codemirror/language-data@6.5.1","MIT","https://github.com/codemirror/language-data"
"@codemirror/language@6.10.2","MIT","https://github.com/codemirror/language"
"@codemirror/legacy-modes@6.4.1","MIT","https://github.com/codemirror/legacy-modes"
"@codemirror/lint@6.8.0","MIT","https://github.com/codemirror/lint"
"@codemirror/search@6.5.6","MIT","https://github.com/codemirror/search"
"@codemirror/state@6.4.1","MIT","https://github.com/codemirror/state"
"@codemirror/theme-one-dark@6.1.2","MIT","https://github.com/codemirror/theme-one-dark"
"@codemirror/view@6.28.0","MIT","https://github.com/codemirror/view"
"@colors/colors@1.5.0","MIT","https://github.com/DABH/colors.js"
"@cypress/request@3.0.5","Apache-2.0","https://github.com/cypress-io/request"
"@cypress/xvfb@1.2.4","MIT","https://github.com/cypress-io/xvfb"
"@esbuild/linux-arm64@0.20.2","MIT","https://github.com/evanw/esbuild"
"@esbuild/linux-arm64@0.21.5","MIT","https://github.com/evanw/esbuild"
"@eslint-community/eslint-utils@4.4.0","MIT","https://github.com/eslint-community/eslint-utils"
"@eslint-community/regexpp@4.10.0","MIT","https://github.com/eslint-community/regexpp"
"@eslint/eslintrc@2.1.4","MIT","https://github.com/eslint/eslintrc"
"@eslint/js@8.57.0","MIT","https://github.com/eslint/eslint"
"@floating-ui/core@1.6.0","MIT","https://github.com/floating-ui/floating-ui"
"@floating-ui/dom@1.6.3","MIT","https://github.com/floating-ui/floating-ui"
"@floating-ui/utils@0.2.1","MIT","https://github.com/floating-ui/floating-ui"
"@gulpjs/to-absolute-glob@4.0.0","MIT","https://github.com/gulpjs/to-absolute-glob"
"@huggingface/jinja@0.3.1","MIT","https://github.com/huggingface/huggingface.js"
"@huggingface/transformers@3.0.0","Apache-2.0","https://github.com/huggingface/transformers.js"
"@humanwhocodes/config-array@0.11.14","Apache-2.0","https://github.com/humanwhocodes/config-array"
"@humanwhocodes/module-importer@1.0.1","Apache-2.0","https://github.com/humanwhocodes/module-importer"
"@humanwhocodes/object-schema@2.0.2","BSD-3-Clause","https://github.com/humanwhocodes/object-schema"
"@img/sharp-libvips-linux-arm64@1.0.4","LGPL-3.0-or-later","https://github.com/lovell/sharp-libvips"
"@img/sharp-libvips-linuxmusl-arm64@1.0.4","LGPL-3.0-or-later","https://github.com/lovell/sharp-libvips"
"@img/sharp-linux-arm64@0.33.5","Apache-2.0","https://github.com/lovell/sharp"
"@img/sharp-linuxmusl-arm64@0.33.5","Apache-2.0","https://github.com/lovell/sharp"
"@internationalized/date@3.5.2","Apache-2.0","https://github.com/adobe/react-spectrum/tree/main/packages/@internationalized/date"
"@isaacs/cliui@8.0.2","ISC","https://github.com/yargs/cliui"
"@isaacs/fs-minipass@4.0.1","ISC","https://github.com/npm/fs-minipass"
"@jest/schemas@29.6.3","MIT","https://github.com/jestjs/jest"
"@jridgewell/gen-mapping@0.3.5","MIT","https://github.com/jridgewell/gen-mapping"
"@jridgewell/resolve-uri@3.1.2","MIT","https://github.com/jridgewell/resolve-uri"
"@jridgewell/set-array@1.2.1","MIT","https://github.com/jridgewell/set-array"
"@jridgewell/sourcemap-codec@1.5.0","MIT","https://github.com/jridgewell/sourcemap-codec"
"@jridgewell/trace-mapping@0.3.25","MIT","https://github.com/jridgewell/trace-mapping"
"@lezer/common@1.2.1","MIT","https://github.com/lezer-parser/common"
"@lezer/cpp@1.1.2","MIT","https://github.com/lezer-parser/cpp"
"@lezer/css@1.1.9","MIT","https://github.com/lezer-parser/css"
"@lezer/go@1.0.0","MIT","https://github.com/lezer-parser/go"
"@lezer/highlight@1.2.0","MIT","https://github.com/lezer-parser/highlight"
"@lezer/html@1.3.10","MIT","https://github.com/lezer-parser/html"
"@lezer/java@1.1.2","MIT","https://github.com/lezer-parser/java"
"@lezer/javascript@1.4.16","MIT","https://github.com/lezer-parser/javascript"
"@lezer/json@1.0.2","MIT","https://github.com/lezer-parser/json"
"@lezer/lr@1.4.1","MIT","https://github.com/lezer-parser/lr"
"@lezer/markdown@1.3.1","MIT","https://github.com/lezer-parser/markdown"
"@lezer/php@1.0.2","MIT","https://github.com/lezer-parser/php"
"@lezer/python@1.1.14","MIT","https://github.com/lezer-parser/python"
"@lezer/rust@1.0.2","MIT","https://github.com/lezer-parser/rust"
"@lezer/sass@1.0.7","MIT","https://github.com/lezer-parser/sass"
"@lezer/xml@1.0.5","MIT","https://github.com/lezer-parser/xml"
"@lezer/yaml@1.0.3","MIT","https://github.com/lezer-parser/yaml"
"@mediapipe/tasks-vision@0.10.17","Apache-2.0",""
"@melt-ui/svelte@0.76.0","MIT","https://github.com/melt-ui/melt-ui"
"@mixmark-io/domino@2.2.0","BSD-2-Clause","https://github.com/mixmark-io/domino"
"@nodelib/fs.scandir@2.1.5","MIT","https://github.com/nodelib/nodelib/tree/master/packages/fs/fs.scandir"
"@nodelib/fs.stat@2.0.5","MIT","https://github.com/nodelib/nodelib/tree/master/packages/fs/fs.stat"
"@nodelib/fs.walk@1.2.8","MIT","https://github.com/nodelib/nodelib/tree/master/packages/fs/fs.walk"
"@pkgjs/parseargs@0.11.0","MIT","https://github.com/pkgjs/parseargs"
"@polka/url@1.0.0-next.28","MIT","https://github.com/lukeed/polka"
"@popperjs/core@2.11.8","MIT","https://github.com/popperjs/popper-core"
"@protobufjs/aspromise@1.1.2","BSD-3-Clause","https://github.com/dcodeIO/protobuf.js"
"@protobufjs/base64@1.1.2","BSD-3-Clause","https://github.com/dcodeIO/protobuf.js"
"@protobufjs/codegen@2.0.4","BSD-3-Clause","https://github.com/dcodeIO/protobuf.js"
"@protobufjs/eventemitter@1.1.0","BSD-3-Clause","https://github.com/dcodeIO/protobuf.js"
"@protobufjs/fetch@1.1.0","BSD-3-Clause","https://github.com/dcodeIO/protobuf.js"
"@protobufjs/float@1.0.2","BSD-3-Clause","https://github.com/dcodeIO/protobuf.js"
"@protobufjs/inquire@1.1.0","BSD-3-Clause","https://github.com/dcodeIO/protobuf.js"
"@protobufjs/path@1.1.2","BSD-3-Clause","https://github.com/dcodeIO/protobuf.js"
"@protobufjs/pool@1.1.0","BSD-3-Clause","https://github.com/dcodeIO/protobuf.js"
"@protobufjs/utf8@1.1.0","BSD-3-Clause","https://github.com/dcodeIO/protobuf.js"
"@pyscript/core@0.4.32","Apache*","https://github.com/pyscript/pyscript"
"@remirror/core-constants@3.0.0","MIT","https://github.com/remirror/remirror"
"@rollup/plugin-commonjs@25.0.7","MIT","https://github.com/rollup/plugins"
"@rollup/plugin-json@6.1.0","MIT","https://github.com/rollup/plugins"
"@rollup/plugin-node-resolve@15.2.3","MIT","https://github.com/rollup/plugins"
"@rollup/pluginutils@5.1.0","MIT","https://github.com/rollup/plugins"
"@rollup/rollup-linux-arm64-gnu@4.22.4","MIT","https://github.com/rollup/rollup"
"@rollup/rollup-linux-arm64-musl@4.22.4","MIT","https://github.com/rollup/rollup"
"@sinclair/typebox@0.27.8","MIT","https://github.com/sinclairzx81/typebox"
"@socket.io/component-emitter@3.1.2","MIT","https://github.com/socketio/emitter"
"@svelte-put/shortcut@3.1.1","MIT","https://github.com/vnphanquang/svelte-put"
"@sveltejs/adapter-auto@3.2.2","MIT","https://github.com/sveltejs/kit"
"@sveltejs/adapter-node@2.1.2","MIT","https://github.com/sveltejs/kit"
"@sveltejs/adapter-static@3.0.6","MIT","https://github.com/sveltejs/kit"
"@sveltejs/kit@2.12.1","MIT","https://github.com/sveltejs/kit"
"@sveltejs/svelte-virtual-list@3.0.1","Custom: https://svelte.dev/repl/f78ddd84a1a540a9a40512df39ef751b","https://github.com/sveltejs/svelte-virtual-list"
"@sveltejs/vite-plugin-svelte-inspector@2.1.0","MIT","https://github.com/sveltejs/vite-plugin-svelte"
"@sveltejs/vite-plugin-svelte@3.1.1","MIT","https://github.com/sveltejs/vite-plugin-svelte"
"@swc/helpers@0.5.7","Apache-2.0","https://github.com/swc-project/swc"
"@tailwindcss/typography@0.5.13","MIT","https://github.com/tailwindlabs/tailwindcss-typography"
"@tiptap/core@2.10.0","MIT","https://github.com/ueberdosis/tiptap"
"@tiptap/extension-blockquote@2.10.0","MIT","https://github.com/ueberdosis/tiptap"
"@tiptap/extension-bold@2.10.0","MIT","https://github.com/ueberdosis/tiptap"
"@tiptap/extension-bullet-list@2.10.0","MIT","https://github.com/ueberdosis/tiptap"
"@tiptap/extension-code-block-lowlight@2.10.0","MIT","https://github.com/ueberdosis/tiptap"
"@tiptap/extension-code-block@2.10.0","MIT","https://github.com/ueberdosis/tiptap"
"@tiptap/extension-code@2.10.0","MIT","https://github.com/ueberdosis/tiptap"
"@tiptap/extension-document@2.10.0","MIT","https://github.com/ueberdosis/tiptap"
"@tiptap/extension-dropcursor@2.10.0","MIT","https://github.com/ueberdosis/tiptap"
"@tiptap/extension-gapcursor@2.10.0","MIT","https://github.com/ueberdosis/tiptap"
"@tiptap/extension-hard-break@2.10.0","MIT","https://github.com/ueberdosis/tiptap"
"@tiptap/extension-heading@2.10.0","MIT","https://github.com/ueberdosis/tiptap"
"@tiptap/extension-highlight@2.10.0","MIT","https://github.com/ueberdosis/tiptap"
"@tiptap/extension-history@2.10.0","MIT","https://github.com/ueberdosis/tiptap"
"@tiptap/extension-horizontal-rule@2.10.0","MIT","https://github.com/ueberdosis/tiptap"
"@tiptap/extension-italic@2.10.0","MIT","https://github.com/ueberdosis/tiptap"
"@tiptap/extension-list-item@2.10.0","MIT","https://github.com/ueberdosis/tiptap"
"@tiptap/extension-ordered-list@2.10.0","MIT","https://github.com/ueberdosis/tiptap"
"@tiptap/extension-paragraph@2.10.0","MIT","https://github.com/ueberdosis/tiptap"
"@tiptap/extension-placeholder@2.10.0","MIT","https://github.com/ueberdosis/tiptap"
"@tiptap/extension-strike@2.10.0","MIT","https://github.com/ueberdosis/tiptap"
"@tiptap/extension-text-style@2.10.0","MIT","https://github.com/ueberdosis/tiptap"
"@tiptap/extension-text@2.10.0","MIT","https://github.com/ueberdosis/tiptap"
"@tiptap/extension-typography@2.10.0","MIT","https://github.com/ueberdosis/tiptap"
"@tiptap/pm@2.10.0","MIT","https://github.com/ueberdosis/tiptap"
"@tiptap/starter-kit@2.10.0","MIT","https://github.com/ueberdosis/tiptap"
"@types/cookie@0.6.0","MIT","https://github.com/DefinitelyTyped/DefinitelyTyped"
"@types/d3-color@3.1.3","MIT","https://github.com/DefinitelyTyped/DefinitelyTyped"
"@types/d3-drag@3.0.7","MIT","https://github.com/DefinitelyTyped/DefinitelyTyped"
"@types/d3-interpolate@3.0.4","MIT","https://github.com/DefinitelyTyped/DefinitelyTyped"
"@types/d3-scale-chromatic@3.0.3","MIT","https://github.com/DefinitelyTyped/DefinitelyTyped"
"@types/d3-scale@4.0.8","MIT","https://github.com/DefinitelyTyped/DefinitelyTyped"
"@types/d3-selection@3.0.10","MIT","https://github.com/DefinitelyTyped/DefinitelyTyped"
"@types/d3-time@3.0.3","MIT","https://github.com/DefinitelyTyped/DefinitelyTyped"
"@types/d3-transition@3.0.8","MIT","https://github.com/DefinitelyTyped/DefinitelyTyped"
"@types/d3-zoom@3.0.8","MIT","https://github.com/DefinitelyTyped/DefinitelyTyped"
"@types/debug@4.1.12","MIT","https://github.com/DefinitelyTyped/DefinitelyTyped"
"@types/estree@1.0.5","MIT","https://github.com/DefinitelyTyped/DefinitelyTyped"
"@types/hast@3.0.4","MIT","https://github.com/DefinitelyTyped/DefinitelyTyped"
"@types/json-schema@7.0.15","MIT","https://github.com/DefinitelyTyped/DefinitelyTyped"
"@types/linkify-it@5.0.0","MIT","https://github.com/DefinitelyTyped/DefinitelyTyped"
"@types/markdown-it@14.1.2","MIT","https://github.com/DefinitelyTyped/DefinitelyTyped"
"@types/mdast@3.0.15","MIT","https://github.com/DefinitelyTyped/DefinitelyTyped"
"@types/mdurl@2.0.0","MIT","https://github.com/DefinitelyTyped/DefinitelyTyped"
"@types/minimatch@3.0.5","MIT","https://github.com/DefinitelyTyped/DefinitelyTyped"
"@types/ms@0.7.34","MIT","https://github.com/DefinitelyTyped/DefinitelyTyped"
"@types/node@20.11.30","MIT","https://github.com/DefinitelyTyped/DefinitelyTyped"
"@types/pug@2.0.10","MIT","https://github.com/DefinitelyTyped/DefinitelyTyped"
"@types/resolve@1.20.2","MIT","https://github.com/DefinitelyTyped/DefinitelyTyped"
"@types/semver@7.5.8","MIT","https://github.com/DefinitelyTyped/DefinitelyTyped"
"@types/sinonjs__fake-timers@8.1.1","MIT","https://github.com/DefinitelyTyped/DefinitelyTyped"
"@types/sizzle@2.3.8","MIT","https://github.com/DefinitelyTyped/DefinitelyTyped"
"@types/symlink-or-copy@1.2.2","MIT","https://github.com/DefinitelyTyped/DefinitelyTyped"
"@types/unist@2.0.10","MIT","https://github.com/DefinitelyTyped/DefinitelyTyped"
"@types/yauzl@2.10.3","MIT","https://github.com/DefinitelyTyped/DefinitelyTyped"
"@typescript-eslint/eslint-plugin@6.21.0","MIT","https://github.com/typescript-eslint/typescript-eslint"
"@typescript-eslint/parser@6.21.0","BSD-2-Clause","https://github.com/typescript-eslint/typescript-eslint"
"@typescript-eslint/scope-manager@6.21.0","MIT","https://github.com/typescript-eslint/typescript-eslint"
"@typescript-eslint/type-utils@6.21.0","MIT","https://github.com/typescript-eslint/typescript-eslint"
"@typescript-eslint/types@6.21.0","MIT","https://github.com/typescript-eslint/typescript-eslint"
"@typescript-eslint/typescript-estree@6.21.0","BSD-2-Clause","https://github.com/typescript-eslint/typescript-eslint"
"@typescript-eslint/utils@6.21.0","MIT","https://github.com/typescript-eslint/typescript-eslint"
"@typescript-eslint/visitor-keys@6.21.0","MIT","https://github.com/typescript-eslint/typescript-eslint"
"@ungap/structured-clone@1.2.0","ISC","https://github.com/ungap/structured-clone"
"@ungap/with-resolvers@0.1.0","ISC","https://github.com/ungap/with-resolvers"
"@vitest/expect@1.6.0","MIT","https://github.com/vitest-dev/vitest"
"@vitest/runner@1.6.0","MIT","https://github.com/vitest-dev/vitest"
"@vitest/snapshot@1.6.0","MIT","https://github.com/vitest-dev/vitest"
"@vitest/spy@1.6.0","MIT","https://github.com/vitest-dev/vitest"
"@vitest/utils@1.6.0","MIT","https://github.com/vitest-dev/vitest"
"@webreflection/fetch@0.1.5","MIT","https://github.com/WebReflection/fetch"
"@xyflow/svelte@0.1.19","MIT","https://github.com/xyflow/xyflow"
"@xyflow/system@0.0.42","MIT","https://github.com/xyflow/xyflow"
"acorn-jsx@5.3.2","MIT","https://github.com/acornjs/acorn-jsx"
"acorn-walk@8.3.2","MIT","https://github.com/acornjs/acorn"
"acorn@8.11.3","MIT","https://github.com/acornjs/acorn"
"aggregate-error@3.1.0","MIT","https://github.com/sindresorhus/aggregate-error"
"ajv@6.12.6","MIT","https://github.com/ajv-validator/ajv"
"amator@1.1.0","MIT","https://github.com/anvaka/amator"
"ansi-colors@4.1.3","MIT","https://github.com/doowb/ansi-colors"
"ansi-escapes@4.3.2","MIT","https://github.com/sindresorhus/ansi-escapes"
"ansi-regex@5.0.1","MIT","https://github.com/chalk/ansi-regex"
"ansi-regex@6.0.1","MIT","https://github.com/chalk/ansi-regex"
"ansi-styles@4.3.0","MIT","https://github.com/chalk/ansi-styles"
"ansi-styles@5.2.0","MIT","https://github.com/chalk/ansi-styles"
"ansi-styles@6.2.1","MIT","https://github.com/chalk/ansi-styles"
"any-promise@1.3.0","MIT","https://github.com/kevinbeaty/any-promise"
"anymatch@3.1.3","ISC","https://github.com/micromatch/anymatch"
"arch@2.2.0","MIT","https://github.com/feross/arch"
"arg@5.0.2","MIT","https://github.com/vercel/arg"
"argparse@2.0.1","Python-2.0","https://github.com/nodeca/argparse"
"aria-query@5.3.0","Apache-2.0","https://github.com/A11yance/aria-query"
"array-union@2.1.0","MIT","https://github.com/sindresorhus/array-union"
"asn1@0.2.6","MIT","https://github.com/joyent/node-asn1"
"assert-plus@1.0.0","MIT","https://github.com/mcavage/node-assert-plus"
"assertion-error@1.1.0","MIT","https://github.com/chaijs/assertion-error"
"astral-regex@2.0.0","MIT","https://github.com/kevva/astral-regex"
"async@3.2.5","MIT","https://github.com/caolan/async"
"asynckit@0.4.0","MIT","https://github.com/alexindigo/asynckit"
"at-least-node@1.0.0","ISC","https://github.com/RyanZim/at-least-node"
"autoprefixer@10.4.19","MIT","https://github.com/postcss/autoprefixer"
"aws-sign2@0.7.0","Apache-2.0","https://github.com/mikeal/aws-sign"
"aws4@1.13.2","MIT","https://github.com/mhart/aws4"
"axobject-query@4.0.0","Apache-2.0","https://github.com/A11yance/axobject-query"
"balanced-match@1.0.2","MIT","https://github.com/juliangruber/balanced-match"
"bare-events@2.2.2","Apache-2.0","https://github.com/holepunchto/bare-events"
"base64-js@1.5.1","MIT","https://github.com/beatgammit/base64-js"
"basic-devtools@0.1.6","ISC","https://github.com/WebReflection/basic-devtools"
"bcrypt-pbkdf@1.0.2","BSD-3-Clause","https://github.com/joyent/node-bcrypt-pbkdf"
"bezier-easing@2.1.0","MIT","https://github.com/gre/bezier-easing"
"binary-extensions@2.3.0","MIT","https://github.com/sindresorhus/binary-extensions"
"bits-ui@0.19.7","MIT","https://github.com/huntabyte/bits-ui"
"bl@5.1.0","MIT","https://github.com/rvagg/bl"
"blob-util@2.0.2","Apache-2.0","https://github.com/nolanlawson/blob-util"
"bluebird@3.7.2","MIT","https://github.com/petkaantonov/bluebird"
"boolbase@1.0.0","ISC","https://github.com/fb55/boolbase"
"brace-expansion@1.1.11","MIT","https://github.com/juliangruber/brace-expansion"
"brace-expansion@2.0.1","MIT","https://github.com/juliangruber/brace-expansion"
"braces@3.0.3","MIT","https://github.com/micromatch/braces"
"broccoli-node-api@1.7.0","MIT","https://github.com/broccolijs/broccoli-node-api"
"broccoli-node-info@2.2.0","MIT","https://github.com/broccolijs/broccoli-node-info"
"broccoli-output-wrapper@3.2.5","MIT",""
"broccoli-plugin@4.0.7","MIT","https://github.com/broccolijs/broccoli-plugin"
"browserslist@4.23.0","MIT","https://github.com/browserslist/browserslist"
"buffer-builder@0.2.0","MIT*","https://github.com/PeterReid/node-buffer-builder"
"buffer-crc32@0.2.13","MIT","https://github.com/brianloveswords/buffer-crc32"
"buffer@5.7.1","MIT","https://github.com/feross/buffer"
"buffer@6.0.3","MIT","https://github.com/feross/buffer"
"builtin-modules@3.3.0","MIT","https://github.com/sindresorhus/builtin-modules"
"cac@6.7.14","MIT","https://github.com/egoist/cac"
"cachedir@2.4.0","MIT","https://github.com/LinusU/node-cachedir"
"call-bind@1.0.7","MIT","https://github.com/ljharb/call-bind"
"callsites@3.1.0","MIT","https://github.com/sindresorhus/callsites"
"camelcase-css@2.0.1","MIT","https://github.com/stevenvachon/camelcase-css"
"caniuse-lite@1.0.30001785","CC-BY-4.0","https://github.com/browserslist/caniuse-lite"
"caseless@0.12.0","Apache-2.0","https://github.com/mikeal/caseless"
"chai@4.4.1","MIT","https://github.com/chaijs/chai"
"chalk@4.1.2","MIT","https://github.com/chalk/chalk"
"character-entities@2.0.2","MIT","https://github.com/wooorm/character-entities"
"check-error@1.0.3","MIT","https://github.com/chaijs/check-error"
"check-more-types@2.24.0","MIT","https://github.com/kensho/check-more-types"
"cheerio-select@2.1.0","BSD-2-Clause","https://github.com/cheeriojs/cheerio-select"
"cheerio@1.0.0-rc.12","MIT","https://github.com/cheeriojs/cheerio"
"chokidar@3.6.0","MIT","https://github.com/paulmillr/chokidar"
"chownr@3.0.0","BlueOak-1.0.0","https://github.com/isaacs/chownr"
"ci-info@3.9.0","MIT","https://github.com/watson/ci-info"
"classcat@5.0.5","MIT","https://github.com/jorgebucaran/classcat"
"clean-stack@2.2.0","MIT","https://github.com/sindresorhus/clean-stack"
"cli-cursor@3.1.0","MIT","https://github.com/sindresorhus/cli-cursor"
"cli-table3@0.6.4","MIT","https://github.com/cli-table/cli-table3"
"cli-truncate@2.1.0","MIT","https://github.com/sindresorhus/cli-truncate"
"clone-stats@1.0.0","MIT","https://github.com/hughsk/clone-stats"
"clone@2.1.2","MIT","https://github.com/pvorb/node-clone"
"code-red@1.0.4","MIT","https://github.com/Rich-Harris/code-red"
"codedent@0.1.2","ISC",""
"codemirror-lang-hcl@0.0.0-beta.2","MIT",""
"codemirror@6.0.1","MIT","https://github.com/codemirror/basic-setup"
"coincident@1.2.3","ISC",""
"color-convert@2.0.1","MIT","https://github.com/Qix-/color-convert"
"color-name@1.1.4","MIT","https://github.com/colorjs/color-name"
"color-string@1.9.1","MIT","https://github.com/Qix-/color-string"
"color@4.2.3","MIT","https://github.com/Qix-/color"
"colorette@2.0.20","MIT","https://github.com/jorgebucaran/colorette"
"colorjs.io@0.5.2","MIT","https://github.com/LeaVerou/color.js"
"colors@1.4.0","MIT","https://github.com/Marak/colors.js"
"combined-stream@1.0.8","MIT","https://github.com/felixge/node-combined-stream"
"commander@12.1.0","MIT","https://github.com/tj/commander.js"
"commander@4.1.1","MIT","https://github.com/tj/commander.js"
"commander@6.2.1","MIT","https://github.com/tj/commander.js"
"commander@7.2.0","MIT","https://github.com/tj/commander.js"
"commander@8.3.0","MIT","https://github.com/tj/commander.js"
"common-tags@1.8.2","MIT","https://github.com/zspecza/common-tags"
"commondir@1.0.1","MIT","https://github.com/substack/node-commondir"
"concat-map@0.0.1","MIT","https://github.com/substack/node-concat-map"
"confbox@0.1.7","MIT","https://github.com/unjs/confbox"
"convert-source-map@2.0.0","MIT","https://github.com/thlorenz/convert-source-map"
"cookie@0.6.0","MIT","https://github.com/jshttp/cookie"
"core-util-is@1.0.2","MIT","https://github.com/isaacs/core-util-is"
"core-util-is@1.0.3","MIT","https://github.com/isaacs/core-util-is"
"cose-base@1.0.3","MIT","https://github.com/iVis-at-Bilkent/cose-base"
"crc-32@1.2.2","Apache-2.0","https://github.com/SheetJS/js-crc32"
"crelt@1.0.6","MIT","https://github.com/marijnh/crelt"
"cross-spawn@7.0.6","MIT","https://github.com/moxystudio/node-cross-spawn"
"css-select@5.1.0","BSD-2-Clause","https://github.com/fb55/css-select"
"css-tree@2.3.1","MIT","https://github.com/csstree/csstree"
"css-what@6.1.0","BSD-2-Clause","https://github.com/fb55/css-what"
"cssesc@3.0.0","MIT","https://github.com/mathiasbynens/cssesc"
"cypress@13.15.0","MIT","https://github.com/cypress-io/cypress"
"cytoscape-cose-bilkent@4.1.0","MIT","https://github.com/cytoscape/cytoscape.js-cose-bilkent"
"cytoscape@3.29.2","MIT","https://github.com/cytoscape/cytoscape.js"
"d3-array@2.12.1","BSD-3-Clause","https://github.com/d3/d3-array"
"d3-array@3.2.4","ISC","https://github.com/d3/d3-array"
"d3-axis@3.0.0","ISC","https://github.com/d3/d3-axis"
"d3-brush@3.0.0","ISC","https://github.com/d3/d3-brush"
"d3-chord@3.0.1","ISC","https://github.com/d3/d3-chord"
"d3-color@3.1.0","ISC","https://github.com/d3/d3-color"
"d3-contour@4.0.2","ISC","https://github.com/d3/d3-contour"
"d3-delaunay@6.0.4","ISC","https://github.com/d3/d3-delaunay"
"d3-dispatch@3.0.1","ISC","https://github.com/d3/d3-dispatch"
"d3-drag@3.0.0","ISC","https://github.com/d3/d3-drag"
"d3-dsv@3.0.1","ISC","https://github.com/d3/d3-dsv"
"d3-ease@3.0.1","BSD-3-Clause","https://github.com/d3/d3-ease"
"d3-fetch@3.0.1","ISC","https://github.com/d3/d3-fetch"
"d3-force@3.0.0","ISC","https://github.com/d3/d3-force"
"d3-format@3.1.0","ISC","https://github.com/d3/d3-format"
"d3-geo@3.1.1","ISC","https://github.com/d3/d3-geo"
"d3-hierarchy@3.1.2","ISC","https://github.com/d3/d3-hierarchy"
"d3-interpolate@3.0.1","ISC","https://github.com/d3/d3-interpolate"
"d3-path@1.0.9","BSD-3-Clause","https://github.com/d3/d3-path"
"d3-path@3.1.0","ISC","https://github.com/d3/d3-path"
"d3-polygon@3.0.1","ISC","https://github.com/d3/d3-polygon"
"d3-quadtree@3.0.1","ISC","https://github.com/d3/d3-quadtree"
"d3-random@3.0.1","ISC","https://github.com/d3/d3-random"
"d3-sankey@0.12.3","BSD-3-Clause","https://github.com/d3/d3-sankey"
"d3-scale-chromatic@3.1.0","ISC","https://github.com/d3/d3-scale-chromatic"
"d3-scale@4.0.2","ISC","https://github.com/d3/d3-scale"
"d3-selection@3.0.0","ISC","https://github.com/d3/d3-selection"
"d3-shape@1.3.7","BSD-3-Clause","https://github.com/d3/d3-shape"
"d3-shape@3.2.0","ISC","https://github.com/d3/d3-shape"
"d3-time-format@4.1.0","ISC","https://github.com/d3/d3-time-format"
"d3-time@3.1.0","ISC","https://github.com/d3/d3-time"
"d3-timer@3.0.1","ISC","https://github.com/d3/d3-timer"
"d3-transition@3.0.1","ISC","https://github.com/d3/d3-transition"
"d3-zoom@3.0.0","ISC","https://github.com/d3/d3-zoom"
"d3@7.9.0","ISC","https://github.com/d3/d3"
"dagre-d3-es@7.0.10","MIT","https://github.com/tbo47/dagre-es"
"dashdash@1.14.1","MIT","https://github.com/trentm/node-dashdash"
"dayjs@1.11.10","MIT","https://github.com/iamkun/dayjs"
"debug@2.6.9","MIT","https://github.com/visionmedia/debug"
"debug@3.2.7","MIT","https://github.com/visionmedia/debug"
"debug@4.3.4","MIT","https://github.com/debug-js/debug"
"decode-named-character-reference@1.0.2","MIT","https://github.com/wooorm/decode-named-character-reference"
"deep-eql@4.1.3","MIT","https://github.com/chaijs/deep-eql"
"deep-is@0.1.4","MIT","https://github.com/thlorenz/deep-is"
"deepmerge@4.3.1","MIT","https://github.com/TehShrike/deepmerge"
"define-data-property@1.1.4","MIT","https://github.com/ljharb/define-data-property"
"delaunator@5.0.1","ISC","https://github.com/mapbox/delaunator"
"delayed-stream@1.0.0","MIT","https://github.com/felixge/node-delayed-stream"
"dequal@2.0.3","MIT","https://github.com/lukeed/dequal"
"detect-indent@6.1.0","MIT","https://github.com/sindresorhus/detect-indent"
"detect-libc@2.0.3","Apache-2.0","https://github.com/lovell/detect-libc"
"devalue@5.1.1","MIT","https://github.com/Rich-Harris/devalue"
"devlop@1.1.0","MIT","https://github.com/wooorm/devlop"
"didyoumean@1.2.2","Apache-2.0","https://github.com/dcporter/didyoumean.js"
"diff-sequences@29.6.3","MIT","https://github.com/jestjs/jest"
"diff@5.2.0","BSD-3-Clause","https://github.com/kpdecker/jsdiff"
"dir-glob@3.0.1","MIT","https://github.com/kevva/dir-glob"
"dlv@1.1.3","MIT","https://github.com/developit/dlv"
"doctrine@3.0.0","Apache-2.0","https://github.com/eslint/doctrine"
"dom-serializer@2.0.0","MIT","https://github.com/cheeriojs/dom-serializer"
"domelementtype@2.3.0","BSD-2-Clause","https://github.com/fb55/domelementtype"
"domhandler@5.0.3","BSD-2-Clause","https://github.com/fb55/domhandler"
"dompurify@3.1.6","(MPL-2.0 OR Apache-2.0)","https://github.com/cure53/DOMPurify"
"domutils@3.1.0","BSD-2-Clause","https://github.com/fb55/domutils"
"eastasianwidth@0.2.0","MIT","https://github.com/komagata/eastasianwidth"
"ecc-jsbn@0.1.2","MIT","https://github.com/quartzjer/ecc-jsbn"
"electron-to-chromium@1.4.715","ISC","https://github.com/kilian/electron-to-chromium"
"elkjs@0.9.3","EPL-2.0","https://github.com/kieler/elkjs"
"emoji-regex@8.0.0","MIT","https://github.com/mathiasbynens/emoji-regex"
"emoji-regex@9.2.2","MIT","https://github.com/mathiasbynens/emoji-regex"
"end-of-stream@1.4.4","MIT","https://github.com/mafintosh/end-of-stream"
"engine.io-client@6.5.4","MIT","https://github.com/socketio/engine.io-client"
"engine.io-parser@5.2.2","MIT","https://github.com/socketio/engine.io-parser"
"enquirer@2.4.1","MIT","https://github.com/enquirer/enquirer"
"ensure-posix-path@1.1.1","ISC","https://github.com/stefanpenner/ensure-posix-path"
"entities@4.5.0","BSD-2-Clause","https://github.com/fb55/entities"
"eol@0.9.1","MIT","https://github.com/ryanve/eol"
"es-define-property@1.0.0","MIT","https://github.com/ljharb/es-define-property"
"es-errors@1.3.0","MIT","https://github.com/ljharb/es-errors"
"es6-promise@3.3.1","MIT","https://github.com/stefanpenner/es6-promise"
"esbuild@0.20.2","MIT","https://github.com/evanw/esbuild"
"esbuild@0.21.5","MIT","https://github.com/evanw/esbuild"
"escalade@3.1.2","MIT","https://github.com/lukeed/escalade"
"escape-string-regexp@1.0.5","MIT","https://github.com/sindresorhus/escape-string-regexp"
"escape-string-regexp@4.0.0","MIT","https://github.com/sindresorhus/escape-string-regexp"
"eslint-compat-utils@0.5.1","MIT","https://github.com/ota-meshi/eslint-compat-utils"
"eslint-config-prettier@9.1.0","MIT","https://github.com/prettier/eslint-config-prettier"
"eslint-plugin-cypress@3.4.0","MIT","https://github.com/cypress-io/eslint-plugin-cypress"
"eslint-plugin-svelte@2.43.0","MIT","https://github.com/sveltejs/eslint-plugin-svelte"
"eslint-scope@7.2.2","BSD-2-Clause","https://github.com/eslint/eslint-scope"
"eslint-visitor-keys@3.4.3","Apache-2.0","https://github.com/eslint/eslint-visitor-keys"
"eslint@8.57.0","MIT","https://github.com/eslint/eslint"
"esm-env@1.2.1","MIT","https://github.com/benmccann/esm-env"
"espree@9.6.1","BSD-2-Clause","https://github.com/eslint/espree"
"esquery@1.5.0","BSD-3-Clause","https://github.com/estools/esquery"
"esrecurse@4.3.0","BSD-2-Clause","https://github.com/estools/esrecurse"
"estraverse@5.3.0","BSD-2-Clause","https://github.com/estools/estraverse"
"estree-walker@2.0.2","MIT","https://github.com/Rich-Harris/estree-walker"
"estree-walker@3.0.3","MIT","https://github.com/Rich-Harris/estree-walker"
"esutils@2.0.3","BSD-2-Clause","https://github.com/estools/esutils"
"eventemitter2@6.4.7","MIT","https://github.com/hij1nx/EventEmitter2"
"eventsource-parser@1.1.2","MIT","https://github.com/rexxars/eventsource-parser"
"execa@4.1.0","MIT","https://github.com/sindresorhus/execa"
"execa@8.0.1","MIT","https://github.com/sindresorhus/execa"
"executable@4.1.1","MIT","https://github.com/kevva/executable"
"extend@3.0.2","MIT","https://github.com/justmoon/node-extend"
"extract-zip@2.0.1","BSD-2-Clause","https://github.com/maxogden/extract-zip"
"extsprintf@1.3.0","MIT","https://github.com/davepacheco/node-extsprintf"
"fast-deep-equal@3.1.3","MIT","https://github.com/epoberezkin/fast-deep-equal"
"fast-fifo@1.3.2","MIT","https://github.com/mafintosh/fast-fifo"
"fast-glob@3.3.2","MIT","https://github.com/mrmlnc/fast-glob"
"fast-json-stable-stringify@2.1.0","MIT","https://github.com/epoberezkin/fast-json-stable-stringify"
"fast-levenshtein@2.0.6","MIT","https://github.com/hiddentao/fast-levenshtein"
"fastq@1.17.1","ISC","https://github.com/mcollina/fastq"
"fd-slicer@1.1.0","MIT","https://github.com/andrewrk/node-fd-slicer"
"figures@3.2.0","MIT","https://github.com/sindresorhus/figures"
"file-entry-cache@6.0.1","MIT","https://github.com/royriojas/file-entry-cache"
"file-saver@2.0.5","MIT","https://github.com/eligrey/FileSaver.js"
"fill-range@7.1.1","MIT","https://github.com/jonschlinkert/fill-range"
"find-up@5.0.0","MIT","https://github.com/sindresorhus/find-up"
"flat-cache@3.2.0","MIT","https://github.com/jaredwray/flat-cache"
"flatbuffers@1.12.0","Apache*","https://github.com/google/flatbuffers"
"flatted@3.3.1","ISC","https://github.com/WebReflection/flatted"
"focus-trap@7.5.4","MIT","https://github.com/focus-trap/focus-trap"
"foreground-child@3.1.1","ISC","https://github.com/tapjs/foreground-child"
"forever-agent@0.6.1","Apache-2.0","https://github.com/mikeal/forever-agent"
"form-data@4.0.0","MIT","https://github.com/form-data/form-data"
"fraction.js@4.3.7","MIT","https://github.com/rawify/Fraction.js"
"fs-extra@11.2.0","MIT","https://github.com/jprichardson/node-fs-extra"
"fs-extra@8.1.0","MIT","https://github.com/jprichardson/node-fs-extra"
"fs-extra@9.1.0","MIT","https://github.com/jprichardson/node-fs-extra"
"fs-merger@3.2.1","MIT","https://github.com/SparshithNR/fs-merger"
"fs-mkdirp-stream@2.0.1","MIT","https://github.com/gulpjs/fs-mkdirp-stream"
"fs-tree-diff@2.0.1","MIT","https://github.com/stefanpenner/fs-tree-diff"
"fs.realpath@1.0.0","ISC","https://github.com/isaacs/fs.realpath"
"function-bind@1.1.2","MIT","https://github.com/Raynos/function-bind"
"fuse.js@7.0.0","Apache-2.0","https://github.com/krisk/Fuse"
"gc-hook@0.3.1","ISC","https://github.com/WebReflection/gc-hook"
"get-func-name@2.0.2","MIT","https://github.com/chaijs/get-func-name"
"get-intrinsic@1.2.4","MIT","https://github.com/ljharb/get-intrinsic"
"get-stream@5.2.0","MIT","https://github.com/sindresorhus/get-stream"
"get-stream@8.0.1","MIT","https://github.com/sindresorhus/get-stream"
"getos@3.2.1","MIT","https://github.com/retrohacker/getos"
"getpass@0.1.7","MIT","https://github.com/arekinath/node-getpass"
"glob-parent@5.1.2","ISC","https://github.com/gulpjs/glob-parent"
"glob-parent@6.0.2","ISC","https://github.com/gulpjs/glob-parent"
"glob-stream@8.0.0","MIT","https://github.com/gulpjs/glob-stream"
"glob@10.3.10","ISC","https://github.com/isaacs/node-glob"
"glob@10.4.5","ISC","https://github.com/isaacs/node-glob"
"glob@7.2.3","ISC","https://github.com/isaacs/node-glob"
"glob@8.1.0","ISC","https://github.com/isaacs/node-glob"
"global-dirs@3.0.1","MIT","https://github.com/sindresorhus/global-dirs"
"globals@13.24.0","MIT","https://github.com/sindresorhus/globals"
"globalyzer@0.1.0","MIT","https://github.com/terkelg/globalyzer"
"globby@11.1.0","MIT","https://github.com/sindresorhus/globby"
"globrex@0.1.2","MIT","https://github.com/terkelg/globrex"
"gopd@1.0.1","MIT","https://github.com/ljharb/gopd"
"graceful-fs@4.2.11","ISC","https://github.com/isaacs/node-graceful-fs"
"graphemer@1.4.0","MIT","https://github.com/flmnt/graphemer"
"guid-typescript@1.0.9","ISC","https://github.com/NicolasDeveloper/guid-typescript"
"gulp-sort@2.0.0","MIT","https://github.com/pgilad/gulp-sort"
"has-flag@4.0.0","MIT","https://github.com/sindresorhus/has-flag"
"has-property-descriptors@1.0.2","MIT","https://github.com/inspect-js/has-property-descriptors"
"has-proto@1.0.3","MIT","https://github.com/inspect-js/has-proto"
"has-symbols@1.0.3","MIT","https://github.com/inspect-js/has-symbols"
"hasown@2.0.2","MIT","https://github.com/inspect-js/hasOwn"
"heimdalljs-logger@0.1.10","MIT","https://github.com/heimdalljs/heimdalljs-logger"
"heimdalljs@0.2.6","MIT","https://github.com/heimdalljs/heimdalljs-lib"
"highlight.js@11.9.0","BSD-3-Clause","https://github.com/highlightjs/highlight.js"
"html-escaper@3.0.3","MIT","https://github.com/WebReflection/html-escaper"
"htmlparser2@8.0.2","MIT","https://github.com/fb55/htmlparser2"
"http-signature@1.4.0","MIT","https://github.com/TritonDataCenter/node-http-signature"
"human-signals@1.1.1","Apache-2.0","https://github.com/ehmicky/human-signals"
"human-signals@5.0.0","Apache-2.0","https://github.com/ehmicky/human-signals"
"i18next-browser-languagedetector@7.2.0","MIT","https://github.com/i18next/i18next-browser-languageDetector"
"i18next-parser@9.0.1","MIT","https://github.com/i18next/i18next-parser"
"i18next-resources-to-backend@1.2.0","MIT","https://github.com/i18next/i18next-resources-to-backend"
"i18next@23.10.1","MIT","https://github.com/i18next/i18next"
"iconv-lite@0.6.3","MIT","https://github.com/ashtuchkin/iconv-lite"
"idb@7.1.1","ISC","https://github.com/jakearchibald/idb"
"ieee754@1.2.1","BSD-3-Clause","https://github.com/feross/ieee754"
"ignore@5.3.1","MIT","https://github.com/kaelzhang/node-ignore"
"immutable@5.0.3","MIT","https://github.com/immutable-js/immutable-js"
"import-fresh@3.3.0","MIT","https://github.com/sindresorhus/import-fresh"
"import-meta-resolve@4.1.0","MIT","https://github.com/wooorm/import-meta-resolve"
"imurmurhash@0.1.4","MIT","https://github.com/jensyt/imurmurhash-js"
"indent-string@4.0.0","MIT","https://github.com/sindresorhus/indent-string"
"inflight@1.0.6","ISC","https://github.com/npm/inflight"
"inherits@2.0.4","ISC","https://github.com/isaacs/inherits"
"ini@2.0.0","ISC","https://github.com/isaacs/ini"
"internmap@1.0.1","ISC","https://github.com/mbostock/internmap"
"internmap@2.0.3","ISC","https://github.com/mbostock/internmap"
"is-arrayish@0.3.2","MIT","https://github.com/qix-/node-is-arrayish"
"is-binary-path@2.1.0","MIT","https://github.com/sindresorhus/is-binary-path"
"is-builtin-module@3.2.1","MIT","https://github.com/sindresorhus/is-builtin-module"
"is-ci@3.0.1","MIT","https://github.com/watson/is-ci"
"is-core-module@2.13.1","MIT","https://github.com/inspect-js/is-core-module"
"is-extglob@2.1.1","MIT","https://github.com/jonschlinkert/is-extglob"
"is-fullwidth-code-point@3.0.0","MIT","https://github.com/sindresorhus/is-fullwidth-code-point"
"is-glob@4.0.3","MIT","https://github.com/micromatch/is-glob"
"is-installed-globally@0.4.0","MIT","https://github.com/sindresorhus/is-installed-globally"
"is-module@1.0.0","MIT","https://github.com/component/is-module"
"is-negated-glob@1.0.0","MIT","https://github.com/jonschlinkert/is-negated-glob"
"is-number@7.0.0","MIT","https://github.com/jonschlinkert/is-number"
"is-path-inside@3.0.3","MIT","https://github.com/sindresorhus/is-path-inside"
"is-plain-obj@4.1.0","MIT","https://github.com/sindresorhus/is-plain-obj"
"is-reference@1.2.1","MIT","https://github.com/Rich-Harris/is-reference"
"is-reference@3.0.2","MIT","https://github.com/Rich-Harris/is-reference"
"is-stream@2.0.1","MIT","https://github.com/sindresorhus/is-stream"
"is-stream@3.0.0","MIT","https://github.com/sindresorhus/is-stream"
"is-typedarray@1.0.0","MIT","https://github.com/hughsk/is-typedarray"
"is-unicode-supported@0.1.0","MIT","https://github.com/sindresorhus/is-unicode-supported"
"is-valid-glob@1.0.0","MIT","https://github.com/jonschlinkert/is-valid-glob"
"isarray@1.0.0","MIT","https://github.com/juliangruber/isarray"
"isexe@2.0.0","ISC","https://github.com/isaacs/isexe"
"isstream@0.1.2","MIT","https://github.com/rvagg/isstream"
"jackspeak@2.3.6","BlueOak-1.0.0","https://github.com/isaacs/jackspeak"
"jackspeak@3.4.3","BlueOak-1.0.0","https://github.com/isaacs/jackspeak"
"jiti@1.21.0","MIT","https://github.com/unjs/jiti"
"js-sha256@0.10.1","MIT","https://github.com/emn178/js-sha256"
"js-tokens@9.0.0","MIT","https://github.com/lydell/js-tokens"
"js-yaml@4.1.0","MIT","https://github.com/nodeca/js-yaml"
"jsbn@0.1.1","MIT","https://github.com/andyperlitch/jsbn"
"json-buffer@3.0.1","MIT","https://github.com/dominictarr/json-buffer"
"json-schema-traverse@0.4.1","MIT","https://github.com/epoberezkin/json-schema-traverse"
"json-schema@0.4.0","(AFL-2.1 OR BSD-3-Clause)","https://github.com/kriszyp/json-schema"
"json-stable-stringify-without-jsonify@1.0.1","MIT","https://github.com/samn/json-stable-stringify"
"json-stringify-safe@5.0.1","ISC","https://github.com/isaacs/json-stringify-safe"
"jsonfile@4.0.0","MIT","https://github.com/jprichardson/node-jsonfile"
"jsonfile@6.1.0","MIT","https://github.com/jprichardson/node-jsonfile"
"jsprim@2.0.2","MIT","https://github.com/joyent/node-jsprim"
"katex@0.16.10","MIT","https://github.com/KaTeX/KaTeX"
"keyv@4.5.4","MIT","https://github.com/jaredwray/keyv"
"khroma@2.1.0","MIT*","https://github.com/fabiospampinato/khroma"
"kleur@4.1.5","MIT","https://github.com/lukeed/kleur"
"known-css-properties@0.34.0","MIT","https://github.com/known-css/known-css-properties"
"layout-base@1.0.2","MIT","https://github.com/iVis-at-Bilkent/layout-base"
"lazy-ass@1.6.0","MIT","https://github.com/bahmutov/lazy-ass"
"lead@4.0.0","MIT","https://github.com/gulpjs/lead"
"levn@0.4.1","MIT","https://github.com/gkz/levn"
"lilconfig@2.1.0","MIT","https://github.com/antonk52/lilconfig"
"lilconfig@3.1.1","MIT","https://github.com/antonk52/lilconfig"
"lines-and-columns@1.2.4","MIT","https://github.com/eventualbuddha/lines-and-columns"
"linkify-it@5.0.0","MIT","https://github.com/markdown-it/linkify-it"
"listr2@3.14.0","MIT","https://github.com/cenk1cenk2/listr2"
"local-pkg@0.5.0","MIT","https://github.com/antfu/local-pkg"
"locate-character@3.0.0","MIT","git+https://gitlab.com/Rich-Harris/locate-character"
"locate-path@6.0.0","MIT","https://github.com/sindresorhus/locate-path"
"lodash-es@4.17.21","MIT","https://github.com/lodash/lodash"
"lodash.castarray@4.4.0","MIT","https://github.com/lodash/lodash"
"lodash.isplainobject@4.0.6","MIT","https://github.com/lodash/lodash"
"lodash.merge@4.6.2","MIT","https://github.com/lodash/lodash"
"lodash.once@4.1.1","MIT","https://github.com/lodash/lodash"
"lodash@4.17.21","MIT","https://github.com/lodash/lodash"
"log-symbols@4.1.0","MIT","https://github.com/sindresorhus/log-symbols"
"log-update@4.0.0","MIT","https://github.com/sindresorhus/log-update"
"long@5.2.3","Apache-2.0","https://github.com/dcodeIO/long.js"
"loupe@2.3.7","MIT","https://github.com/chaijs/loupe"
"lowlight@3.1.0","MIT","https://github.com/wooorm/lowlight"
"lru-cache@10.2.0","ISC","https://github.com/isaacs/node-lru-cache"
"magic-string@0.30.11","MIT","https://github.com/rich-harris/magic-string"
"markdown-it@14.1.0","MIT","https://github.com/markdown-it/markdown-it"
"marked@9.1.6","MIT","https://github.com/markedjs/marked"
"matcher-collection@2.0.1","ISC","https://github.com/stefanpenner/matcher-collection"
"mdast-util-from-markdown@1.3.1","MIT","https://github.com/syntax-tree/mdast-util-from-markdown"
"mdast-util-to-string@3.2.0","MIT","https://github.com/syntax-tree/mdast-util-to-string"
"mdn-data@2.0.30","CC0-1.0","https://github.com/mdn/data"
"mdurl@2.0.0","MIT","https://github.com/markdown-it/mdurl"
"merge-stream@2.0.0","MIT","https://github.com/grncdr/merge-stream"
"merge2@1.4.1","MIT","https://github.com/teambition/merge2"
"mermaid@10.9.3","MIT","https://github.com/mermaid-js/mermaid"
"micromark-core-commonmark@1.1.0","MIT","https://github.com/micromark/micromark/tree/main/packages/micromark-core-commonmark"
"micromark-factory-destination@1.1.0","MIT","https://github.com/micromark/micromark/tree/main/packages/micromark-factory-destination"
"micromark-factory-label@1.1.0","MIT","https://github.com/micromark/micromark/tree/main/packages/micromark-factory-label"
"micromark-factory-space@1.1.0","MIT","https://github.com/micromark/micromark/tree/main/packages/micromark-factory-space"
"micromark-factory-title@1.1.0","MIT","https://github.com/micromark/micromark/tree/main/packages/micromark-factory-title"
"micromark-factory-whitespace@1.1.0","MIT","https://github.com/micromark/micromark/tree/main/packages/micromark-factory-whitespace"
"micromark-util-character@1.2.0","MIT","https://github.com/micromark/micromark/tree/main/packages/micromark-util-character"
"micromark-util-chunked@1.1.0","MIT","https://github.com/micromark/micromark/tree/main/packages/micromark-util-chunked"
"micromark-util-classify-character@1.1.0","MIT","https://github.com/micromark/micromark/tree/main/packages/micromark-util-classify-character"
"micromark-util-combine-extensions@1.1.0","MIT","https://github.com/micromark/micromark/tree/main/packages/micromark-util-combine-extensions"
"micromark-util-decode-numeric-character-reference@1.1.0","MIT","https://github.com/micromark/micromark/tree/main/packages/micromark-util-decode-numeric-character-reference"
"micromark-util-decode-string@1.1.0","MIT","https://github.com/micromark/micromark/tree/main/packages/micromark-util-decode-string"
"micromark-util-encode@1.1.0","MIT","https://github.com/micromark/micromark/tree/main/packages/micromark-util-encode"
"micromark-util-html-tag-name@1.2.0","MIT","https://github.com/micromark/micromark/tree/main/packages/micromark-util-html-tag-name"
"micromark-util-normalize-identifier@1.1.0","MIT","https://github.com/micromark/micromark/tree/main/packages/micromark-util-normalize-identifier"
"micromark-util-resolve-all@1.1.0","MIT","https://github.com/micromark/micromark/tree/main/packages/micromark-util-resolve-all"
"micromark-util-sanitize-uri@1.2.0","MIT","https://github.com/micromark/micromark/tree/main/packages/micromark-util-sanitize-uri"
"micromark-util-subtokenize@1.1.0","MIT","https://github.com/micromark/micromark/tree/main/packages/micromark-util-subtokenize"
"micromark-util-symbol@1.1.0","MIT","https://github.com/micromark/micromark/tree/main/packages/micromark-util-symbol"
"micromark-util-types@1.1.0","MIT","https://github.com/micromark/micromark/tree/main/packages/micromark-util-types"
"micromark@3.2.0","MIT","https://github.com/micromark/micromark/tree/main/packages/micromark"
"micromatch@4.0.8","MIT","https://github.com/micromatch/micromatch"
"mime-db@1.52.0","MIT","https://github.com/jshttp/mime-db"
"mime-types@2.1.35","MIT","https://github.com/jshttp/mime-types"
"mimic-fn@2.1.0","MIT","https://github.com/sindresorhus/mimic-fn"
"mimic-fn@4.0.0","MIT","https://github.com/sindresorhus/mimic-fn"
"min-indent@1.0.1","MIT","https://github.com/thejameskyle/min-indent"
"minimatch@3.1.2","ISC","https://github.com/isaacs/minimatch"
"minimatch@5.1.6","ISC","https://github.com/isaacs/minimatch"
"minimatch@9.0.3","ISC","https://github.com/isaacs/minimatch"
"minimatch@9.0.5","ISC","https://github.com/isaacs/minimatch"
"minimist@1.2.8","MIT","https://github.com/minimistjs/minimist"
"minipass@7.1.2","ISC","https://github.com/isaacs/minipass"
"minizlib@3.0.1","MIT","https://github.com/isaacs/minizlib"
"mkdirp@0.5.6","MIT","https://github.com/substack/node-mkdirp"
"mkdirp@3.0.1","MIT","https://github.com/isaacs/node-mkdirp"
"mktemp@0.4.0","MIT","https://github.com/sasaplus1/mktemp"
"mlly@1.7.0","MIT","https://github.com/unjs/mlly"
"mri@1.2.0","MIT","https://github.com/lukeed/mri"
"mrmime@2.0.0","MIT","https://github.com/lukeed/mrmime"
"ms@2.0.0","MIT","https://github.com/zeit/ms"
"ms@2.1.2","MIT","https://github.com/zeit/ms"
"mz@2.7.0","MIT","https://github.com/normalize/mz"
"nanoid@3.3.8","MIT","https://github.com/ai/nanoid"
"nanoid@5.0.9","MIT","https://github.com/ai/nanoid"
"natural-compare@1.4.0","MIT","https://github.com/litejs/natural-compare-lite"
"ngraph.events@1.2.2","BSD-3-Clause","https://github.com/anvaka/ngraph.events"
"node-releases@2.0.14","MIT","https://github.com/chicoxyzzy/node-releases"
"non-layered-tidy-tree-layout@2.0.2","MIT","https://github.com/stetrevor/non-layered-tidy-tree-layout"
"normalize-path@3.0.0","MIT","https://github.com/jonschlinkert/normalize-path"
"normalize-range@0.1.2","MIT","https://github.com/jamestalmage/normalize-range"
"now-and-later@3.0.0","MIT","https://github.com/gulpjs/now-and-later"
"npm-run-path@4.0.1","MIT","https://github.com/sindresorhus/npm-run-path"
"npm-run-path@5.3.0","MIT","https://github.com/sindresorhus/npm-run-path"
"nth-check@2.1.1","BSD-2-Clause","https://github.com/fb55/nth-check"
"object-assign@4.1.1","MIT","https://github.com/sindresorhus/object-assign"
"object-hash@3.0.0","MIT","https://github.com/puleos/object-hash"
"object-inspect@1.13.2","MIT","https://github.com/inspect-js/object-inspect"
"once@1.4.0","ISC","https://github.com/isaacs/once"
"onetime@5.1.2","MIT","https://github.com/sindresorhus/onetime"
"onetime@6.0.0","MIT","https://github.com/sindresorhus/onetime"
"onnxruntime-common@1.19.2","MIT","https://github.com/Microsoft/onnxruntime"
"onnxruntime-common@1.20.0-dev.20241016-2b8fc5529b","MIT","https://github.com/Microsoft/onnxruntime"
"onnxruntime-node@1.19.2","MIT","https://github.com/Microsoft/onnxruntime"
"onnxruntime-web@1.20.0-dev.20241016-2b8fc5529b","MIT","https://github.com/Microsoft/onnxruntime"
"open-webui@0.5.4","UNLICENSED",""
"optionator@0.9.3","MIT","https://github.com/gkz/optionator"
"orderedmap@2.1.1","MIT","https://github.com/marijnh/orderedmap"
"ospath@1.2.2","MIT","https://github.com/jprichardson/ospath"
"p-limit@3.1.0","MIT","https://github.com/sindresorhus/p-limit"
"p-limit@5.0.0","MIT","https://github.com/sindresorhus/p-limit"
"p-locate@5.0.0","MIT","https://github.com/sindresorhus/p-locate"
"p-map@4.0.0","MIT","https://github.com/sindresorhus/p-map"
"package-json-from-dist@1.0.1","BlueOak-1.0.0","https://github.com/isaacs/package-json-from-dist"
"paneforge@0.0.6","MIT","https://github.com/svecosystem/paneforge"
"panzoom@9.4.3","MIT","https://github.com/anvaka/panzoom"
"parent-module@1.0.1","MIT","https://github.com/sindresorhus/parent-module"
"parse5-htmlparser2-tree-adapter@7.0.0","MIT","https://github.com/inikulin/parse5"
"parse5@7.1.2","MIT","https://github.com/inikulin/parse5"
"path-exists@4.0.0","MIT","https://github.com/sindresorhus/path-exists"
"path-is-absolute@1.0.1","MIT","https://github.com/sindresorhus/path-is-absolute"
"path-key@3.1.1","MIT","https://github.com/sindresorhus/path-key"
"path-key@4.0.0","MIT","https://github.com/sindresorhus/path-key"
"path-parse@1.0.7","MIT","https://github.com/jbgutierrez/path-parse"
"path-posix@1.0.0","ISC","https://github.com/jden/node-path-posix"
"path-scurry@1.11.1","BlueOak-1.0.0","https://github.com/isaacs/path-scurry"
"path-type@4.0.0","MIT","https://github.com/sindresorhus/path-type"
"pathe@1.1.2","MIT","https://github.com/unjs/pathe"
"pathval@1.1.1","MIT","https://github.com/chaijs/pathval"
"pend@1.2.0","MIT","https://github.com/andrewrk/node-pend"
"performance-now@2.1.0","MIT","https://github.com/braveg1rl/performance-now"
"periscopic@3.1.0","MIT","https://github.com/Rich-Harris/periscopic"
"picocolors@1.1.0","ISC","https://github.com/alexeyraspopov/picocolors"
"picomatch@2.3.1","MIT","https://github.com/micromatch/picomatch"
"pify@2.3.0","MIT","https://github.com/sindresorhus/pify"
"pirates@4.0.6","MIT","https://github.com/danez/pirates"
"pkg-types@1.1.1","MIT","https://github.com/unjs/pkg-types"
"plain-tag@0.1.3","ISC","https://github.com/WebReflection/plain-tag"
"platform@1.3.6","MIT","https://github.com/bestiejs/platform.js"
"polyscript@0.12.8","Apache*",""
"postcss-import@15.1.0","MIT","https://github.com/postcss/postcss-import"
"postcss-js@4.0.1","MIT","https://github.com/postcss/postcss-js"
"postcss-load-config@3.1.4","MIT","https://github.com/postcss/postcss-load-config"
"postcss-load-config@4.0.2","MIT","https://github.com/postcss/postcss-load-config"
"postcss-nested@6.0.1","MIT","https://github.com/postcss/postcss-nested"
"postcss-safe-parser@6.0.0","MIT","https://github.com/postcss/postcss-safe-parser"
"postcss-scss@4.0.9","MIT","https://github.com/postcss/postcss-scss"
"postcss-selector-parser@6.0.10","MIT","https://github.com/postcss/postcss-selector-parser"
"postcss-selector-parser@6.0.16","MIT","https://github.com/postcss/postcss-selector-parser"
"postcss-selector-parser@6.1.1","MIT","https://github.com/postcss/postcss-selector-parser"
"postcss-value-parser@4.2.0","MIT","https://github.com/TrySound/postcss-value-parser"
"postcss@8.4.47","MIT","https://github.com/postcss/postcss"
"prelude-ls@1.2.1","MIT","https://github.com/gkz/prelude-ls"
"prettier-plugin-svelte@3.2.6","MIT","https://github.com/sveltejs/prettier-plugin-svelte"
"prettier@3.3.3","MIT","https://github.com/prettier/prettier"
"pretty-bytes@5.6.0","MIT","https://github.com/sindresorhus/pretty-bytes"
"pretty-format@29.7.0","MIT","https://github.com/jestjs/jest"
"process-nextick-args@2.0.1","MIT","https://github.com/calvinmetcalf/process-nextick-args"
"process@0.11.10","MIT","https://github.com/shtylman/node-process"
"promise-map-series@0.3.0","MIT","https://github.com/joliss/promise-map-series"
"prosemirror-changeset@2.2.1","MIT","https://github.com/prosemirror/prosemirror-changeset"
"prosemirror-collab@1.3.1","MIT","https://github.com/prosemirror/prosemirror-collab"
"prosemirror-commands@1.6.2","MIT","https://github.com/prosemirror/prosemirror-commands"
"prosemirror-dropcursor@1.8.1","MIT","https://github.com/prosemirror/prosemirror-dropcursor"
"prosemirror-example-setup@1.2.3","MIT","https://github.com/prosemirror/prosemirror-example-setup"
"prosemirror-gapcursor@1.3.2","MIT","https://github.com/prosemirror/prosemirror-gapcursor"
"prosemirror-history@1.4.1","MIT","https://github.com/prosemirror/prosemirror-history"
"prosemirror-inputrules@1.4.0","MIT","https://github.com/prosemirror/prosemirror-inputrules"
"prosemirror-keymap@1.2.2","MIT","https://github.com/prosemirror/prosemirror-keymap"
"prosemirror-markdown@1.13.1","MIT","https://github.com/prosemirror/prosemirror-markdown"
"prosemirror-menu@1.2.4","MIT","https://github.com/prosemirror/prosemirror-menu"
"prosemirror-model@1.23.0","MIT","https://github.com/prosemirror/prosemirror-model"
"prosemirror-schema-basic@1.2.3","MIT","https://github.com/prosemirror/prosemirror-schema-basic"
"prosemirror-schema-list@1.4.1","MIT","https://github.com/prosemirror/prosemirror-schema-list"
"prosemirror-state@1.4.3","MIT","https://github.com/prosemirror/prosemirror-state"
"prosemirror-tables@1.6.1","MIT","https://github.com/prosemirror/prosemirror-tables"
"prosemirror-trailing-node@3.0.0","MIT","https://github.com/remirror/remirror"
"prosemirror-transform@1.10.2","MIT","https://github.com/prosemirror/prosemirror-transform"
"prosemirror-view@1.36.0","MIT","https://github.com/prosemirror/prosemirror-view"
"protobufjs@7.4.0","BSD-3-Clause","https://github.com/protobufjs/protobuf.js"
"proxy-from-env@1.0.0","MIT","https://github.com/Rob--W/proxy-from-env"
"proxy-target@3.0.2","MIT",""
"psl@1.9.0","MIT","https://github.com/lupomontero/psl"
"pump@3.0.0","MIT","https://github.com/mafintosh/pump"
"punycode.js@2.3.1","MIT","https://github.com/mathiasbynens/punycode.js"
"punycode@2.3.1","MIT","https://github.com/mathiasbynens/punycode.js"
"pyodide@0.26.1","Apache-2.0","https://github.com/pyodide/pyodide"
"qs@6.13.0","BSD-3-Clause","https://github.com/ljharb/qs"
"querystringify@2.2.0","MIT","https://github.com/unshiftio/querystringify"
"queue-microtask@1.2.3","MIT","https://github.com/feross/queue-microtask"
"queue-tick@1.0.1","MIT","https://github.com/mafintosh/queue-tick"
"quick-temp@0.1.8","MIT","https://github.com/joliss/node-quick-temp"
"react-is@18.3.1","MIT","https://github.com/facebook/react"
"read-cache@1.0.0","MIT","https://github.com/TrySound/read-cache"
"readable-stream@2.3.8","MIT","https://github.com/nodejs/readable-stream"
"readable-stream@3.6.2","MIT","https://github.com/nodejs/readable-stream"
"readdirp@3.6.0","MIT","https://github.com/paulmillr/readdirp"
"regenerator-runtime@0.14.1","MIT","https://github.com/facebook/regenerator/tree/main/packages/runtime"
"remove-trailing-separator@1.1.0","ISC","https://github.com/darsain/remove-trailing-separator"
"replace-ext@2.0.0","MIT","https://github.com/gulpjs/replace-ext"
"request-progress@3.0.0","MIT","https://github.com/IndigoUnited/node-request-progress"
"requires-port@1.0.0","MIT","https://github.com/unshiftio/requires-port"
"resolve-from@4.0.0","MIT","https://github.com/sindresorhus/resolve-from"
"resolve-options@2.0.0","MIT","https://github.com/gulpjs/resolve-options"
"resolve@1.22.8","MIT","https://github.com/browserify/resolve"
"restore-cursor@3.1.0","MIT","https://github.com/sindresorhus/restore-cursor"
"reusify@1.0.4","MIT","https://github.com/mcollina/reusify"
"rfdc@1.3.1","MIT","https://github.com/davidmarkclements/rfdc"
"rimraf@2.7.1","ISC","https://github.com/isaacs/rimraf"
"rimraf@3.0.2","ISC","https://github.com/isaacs/rimraf"
"rimraf@5.0.10","ISC","https://github.com/isaacs/rimraf"
"robust-predicates@3.0.2","Unlicense","https://github.com/mourner/robust-predicates"
"rollup@4.22.4","MIT","https://github.com/rollup/rollup"
"rope-sequence@1.3.4","MIT","https://github.com/marijnh/rope-sequence"
"rsvp@3.2.1","MIT","https://github.com/tildeio/rsvp.js"
"rsvp@4.8.5","MIT","https://github.com/tildeio/rsvp.js"
"run-parallel@1.2.0","MIT","https://github.com/feross/run-parallel"
"rw@1.3.3","BSD-3-Clause","https://github.com/mbostock/rw"
"rxjs@7.8.1","Apache-2.0","https://github.com/reactivex/rxjs"
"sade@1.8.1","MIT","https://github.com/lukeed/sade"
"safe-buffer@5.1.2","MIT","https://github.com/feross/safe-buffer"
"safer-buffer@2.1.2","MIT","https://github.com/ChALkeR/safer-buffer"
"sander@0.5.1","MIT","https://github.com/rich-harris/sander"
"sass-embedded-linux-arm64@1.81.0","MIT","https://github.com/sass/embedded-host-node"
"sass-embedded-linux-musl-arm64@1.81.0","MIT","https://github.com/sass/embedded-host-node"
"sass-embedded@1.81.0","MIT","https://github.com/sass/embedded-host-node"
"semver@7.6.3","ISC","https://github.com/npm/node-semver"
"set-cookie-parser@2.6.0","MIT","https://github.com/nfriedly/set-cookie-parser"
"set-function-length@1.2.2","MIT","https://github.com/ljharb/set-function-length"
"sharp@0.33.5","Apache-2.0","https://github.com/lovell/sharp"
"shebang-command@2.0.0","MIT","https://github.com/kevva/shebang-command"
"shebang-regex@3.0.0","MIT","https://github.com/sindresorhus/shebang-regex"
"side-channel@1.0.6","MIT","https://github.com/ljharb/side-channel"
"siginfo@2.0.0","ISC","https://github.com/emilbayes/siginfo"
"signal-exit@3.0.7","ISC","https://github.com/tapjs/signal-exit"
"signal-exit@4.1.0","ISC","https://github.com/tapjs/signal-exit"
"simple-swizzle@0.2.2","MIT","https://github.com/qix-/node-simple-swizzle"
"sirv@3.0.0","MIT","https://github.com/lukeed/sirv"
"slash@3.0.0","MIT","https://github.com/sindresorhus/slash"
"slice-ansi@3.0.0","MIT","https://github.com/chalk/slice-ansi"
"slice-ansi@4.0.0","MIT","https://github.com/chalk/slice-ansi"
"socket.io-client@4.7.5","MIT","https://github.com/socketio/socket.io-client"
"socket.io-parser@4.2.4","MIT","https://github.com/socketio/socket.io-parser"
"sorcery@0.11.0","MIT","https://github.com/Rich-Harris/sorcery"
"sort-keys@5.0.0","MIT","https://github.com/sindresorhus/sort-keys"
"sortablejs@1.15.2","MIT","https://github.com/SortableJS/Sortable"
"source-map-js@1.2.1","BSD-3-Clause","https://github.com/7rulnik/source-map-js"
"sprintf-js@1.1.3","BSD-3-Clause","https://github.com/alexei/sprintf.js"
"sshpk@1.18.0","MIT","https://github.com/joyent/node-sshpk"
"stackback@0.0.2","MIT","https://github.com/shtylman/node-stackback"
"std-env@3.7.0","MIT","https://github.com/unjs/std-env"
"sticky-module@0.1.1","ISC","https://github.com/WebReflection/sticky-module"
"stream-composer@1.0.2","MIT","https://github.com/mafintosh/stream-composer"
"streamx@2.16.1","MIT","https://github.com/mafintosh/streamx"
"string-width@4.2.3","MIT","https://github.com/sindresorhus/string-width"
"string-width@5.1.2","MIT","https://github.com/sindresorhus/string-width"
"string_decoder@1.1.1","MIT","https://github.com/nodejs/string_decoder"
"strip-ansi@6.0.1","MIT","https://github.com/chalk/strip-ansi"
"strip-ansi@7.1.0","MIT","https://github.com/chalk/strip-ansi"
"strip-final-newline@2.0.0","MIT","https://github.com/sindresorhus/strip-final-newline"
"strip-final-newline@3.0.0","MIT","https://github.com/sindresorhus/strip-final-newline"
"strip-indent@3.0.0","MIT","https://github.com/sindresorhus/strip-indent"
"strip-json-comments@3.1.1","MIT","https://github.com/sindresorhus/strip-json-comments"
"strip-literal@2.1.0","MIT","https://github.com/antfu/strip-literal"
"style-mod@4.1.2","MIT","https://github.com/marijnh/style-mod"
"stylis@4.3.2","MIT","https://github.com/thysultan/stylis.js"
"sucrase@3.35.0","MIT","https://github.com/alangpierce/sucrase"
"supports-color@7.2.0","MIT","https://github.com/chalk/supports-color"
"supports-color@8.1.1","MIT","https://github.com/chalk/supports-color"
"supports-preserve-symlinks-flag@1.0.0","MIT","https://github.com/inspect-js/node-supports-preserve-symlinks-flag"
"svelte-check@3.8.5","MIT","https://github.com/sveltejs/language-tools"
"svelte-confetti@1.3.2","MIT","https://github.com/Mitcheljager/svelte-confetti"
"svelte-eslint-parser@0.41.0","MIT","https://github.com/sveltejs/svelte-eslint-parser"
"svelte-hmr@0.16.0","ISC","https://github.com/sveltejs/svelte-hmr"
"svelte-preprocess@5.1.3","MIT","https://github.com/sveltejs/svelte-preprocess"
"svelte-sonner@0.3.28","MIT",""
"svelte@4.2.19","MIT","https://github.com/sveltejs/svelte"
"symlink-or-copy@1.3.1","MIT","https://github.com/broccolijs/node-symlink-or-copy"
"sync-child-process@1.0.2","MIT","https://github.com/sass/sync-child-process"
"sync-message-port@1.1.3","MIT","https://github.com/sass/sync-message-port"
"tabbable@6.2.0","MIT","https://github.com/focus-trap/tabbable"
"tailwindcss@3.4.1","MIT","https://github.com/tailwindlabs/tailwindcss"
"tar@7.4.3","ISC","https://github.com/isaacs/node-tar"
"teex@1.0.1","MIT","https://github.com/mafintosh/teex"
"text-table@0.2.0","MIT","https://github.com/substack/text-table"
"thenify-all@1.6.0","MIT","https://github.com/thenables/thenify-all"
"thenify@3.3.1","MIT","https://github.com/thenables/thenify"
"throttleit@1.0.1","MIT","https://github.com/sindresorhus/throttleit"
"through2@2.0.5","MIT","https://github.com/rvagg/through2"
"through@2.3.8","MIT","https://github.com/dominictarr/through"
"tiny-glob@0.2.9","MIT","https://github.com/terkelg/tiny-glob"
"tinybench@2.8.0","MIT","https://github.com/tinylibs/tinybench"
"tinypool@0.8.4","MIT","https://github.com/tinylibs/tinypool"
"tinyspy@2.2.1","MIT","https://github.com/tinylibs/tinyspy"
"tippy.js@6.3.7","MIT","https://github.com/atomiks/tippyjs"
"tmp@0.2.3","MIT","https://github.com/raszi/node-tmp"
"to-json-callback@0.1.1","ISC","https://github.com/WebReflection/to-json-callback"
"to-regex-range@5.0.1","MIT","https://github.com/micromatch/to-regex-range"
"to-through@3.0.0","MIT","https://github.com/gulpjs/to-through"
"totalist@3.0.1","MIT","https://github.com/lukeed/totalist"
"tough-cookie@4.1.4","BSD-3-Clause","https://github.com/salesforce/tough-cookie"
"ts-api-utils@1.3.0","MIT","https://github.com/JoshuaKGoldberg/ts-api-utils"
"ts-dedent@2.2.0","MIT","https://github.com/tamino-martinius/node-ts-dedent"
"ts-interface-checker@0.1.13","Apache-2.0","https://github.com/gristlabs/ts-interface-checker"
"tslib@2.6.2","0BSD","https://github.com/Microsoft/tslib"
"tunnel-agent@0.6.0","Apache-2.0","https://github.com/mikeal/tunnel-agent"
"turndown@7.2.0","MIT","https://github.com/mixmark-io/turndown"
"tweetnacl@0.14.5","Unlicense","https://github.com/dchest/tweetnacl-js"
"type-check@0.4.0","MIT","https://github.com/gkz/type-check"
"type-checked-collections@0.1.7","ISC","https://github.com/WebReflection/type-checked-collections"
"type-detect@4.0.8","MIT","https://github.com/chaijs/type-detect"
"type-fest@0.20.2","(MIT OR CC0-1.0)","https://github.com/sindresorhus/type-fest"
"type-fest@0.21.3","(MIT OR CC0-1.0)","https://github.com/sindresorhus/type-fest"
"typescript@5.5.4","Apache-2.0","https://github.com/Microsoft/TypeScript"
"uc.micro@2.1.0","MIT","https://github.com/markdown-it/uc.micro"
"ufo@1.5.3","MIT","https://github.com/unjs/ufo"
"underscore.string@3.3.6","MIT","https://github.com/epeli/underscore.string"
"undici-types@5.26.5","MIT","https://github.com/nodejs/undici"
"unist-util-stringify-position@3.0.3","MIT","https://github.com/syntax-tree/unist-util-stringify-position"
"universalify@0.1.2","MIT","https://github.com/RyanZim/universalify"
"universalify@0.2.0","MIT","https://github.com/RyanZim/universalify"
"universalify@2.0.1","MIT","https://github.com/RyanZim/universalify"
"untildify@4.0.0","MIT","https://github.com/sindresorhus/untildify"
"update-browserslist-db@1.0.13","MIT","https://github.com/browserslist/update-db"
"uri-js@4.4.1","BSD-2-Clause","https://github.com/garycourt/uri-js"
"url-parse@1.5.10","MIT","https://github.com/unshiftio/url-parse"
"util-deprecate@1.0.2","MIT","https://github.com/TooTallNate/util-deprecate"
"uuid@8.3.2","MIT","https://github.com/uuidjs/uuid"
"uuid@9.0.1","MIT","https://github.com/uuidjs/uuid"
"uvu@0.5.6","MIT","https://github.com/lukeed/uvu"
"value-or-function@4.0.0","MIT","https://github.com/gulpjs/value-or-function"
"varint@6.0.0","MIT","https://github.com/chrisdickinson/varint"
"verror@1.10.0","MIT","https://github.com/davepacheco/node-verror"
"vinyl-contents@2.0.0","MIT","https://github.com/gulpjs/vinyl-contents"
"vinyl-fs@4.0.0","MIT","https://github.com/gulpjs/vinyl-fs"
"vinyl-sourcemap@2.0.0","MIT","https://github.com/gulpjs/vinyl-sourcemap"
"vinyl@3.0.0","MIT","https://github.com/gulpjs/vinyl"
"vite-node@1.6.0","MIT","https://github.com/vitest-dev/vitest"
"vite@5.4.6","MIT","https://github.com/vitejs/vite"
"vitefu@0.2.5","MIT","https://github.com/svitejs/vitefu"
"vitest@1.6.0","MIT","https://github.com/vitest-dev/vitest"
"w3c-keyname@2.2.8","MIT","https://github.com/marijnh/w3c-keyname"
"walk-sync@2.2.0","MIT","https://github.com/joliss/node-walk-sync"
"web-worker@1.3.0","Apache-2.0","https://github.com/developit/web-worker"
"wheel@1.0.0","MIT","https://github.com/anvaka/wheel"
"which@2.0.2","ISC","https://github.com/isaacs/node-which"
"why-is-node-running@2.2.2","MIT","https://github.com/mafintosh/why-is-node-running"
"wrap-ansi@6.2.0","MIT","https://github.com/chalk/wrap-ansi"
"wrap-ansi@7.0.0","MIT","https://github.com/chalk/wrap-ansi"
"wrap-ansi@8.1.0","MIT","https://github.com/chalk/wrap-ansi"
"wrappy@1.0.2","ISC","https://github.com/npm/wrappy"
"ws@8.17.1","MIT","https://github.com/websockets/ws"
"xmlhttprequest-ssl@2.0.0","MIT","https://github.com/mjwwit/node-XMLHttpRequest"
"xtend@4.0.2","MIT","https://github.com/Raynos/xtend"
"yallist@5.0.0","BlueOak-1.0.0","https://github.com/isaacs/yallist"
"yaml@1.10.2","ISC","https://github.com/eemeli/yaml"
"yaml@2.4.1","ISC","https://github.com/eemeli/yaml"
"yauzl@2.10.0","MIT","https://github.com/thejoshwolfe/yauzl"
"yocto-queue@0.1.0","MIT","https://github.com/sindresorhus/yocto-queue"
"yocto-queue@1.0.0","MIT","https://github.com/sindresorhus/yocto-queue"